Supplier Code,Supplier name
s_001,Name
s_002,Ericksson
s_003,Comodo
s_004,Zepter
s_005,Boeing
s_006,Areon Impex
s_007,Comcast
s_008,Boeing
s_009,Global Print
s_010,Metro Cash&Carry
s_011,Vodafone
s_012,DynCorp
s_013,Leadertech Consulting
s_014,Telekom
s_015,BuzzFeed
s_016,CarMax
s_017,Zepter
s_018,Telekom
s_019,Areon Impex
s_020,Global Print
s_021,Comcast
s_022,It Smart Group
s_023,21st Century Fox
s_024,Global Print
s_025,DynCorp
s_026,Apple Inc.
s_027,Vodafone
s_028,Facebook
s_029,Biolife Grup
s_030,ExxonMobil
s_031,DynCorp
s_032,Apple Inc.
s_033,Comcast
s_034,UPC
s_035,Areon Impex
s_036,ENEL
s_037,Comcast
s_038,Team Guard SRL
s_039,Areon Impex
s_040,Facebook
s_041,Biolife Grup
s_042,Global Print
s_043,Boeing
s_044,AECOM
s_045,BuzzFeed
s_046,AECOM
s_047,AECOM
s_048,AECOM
s_049,Apple Inc.
s_050,Comcast
s_051,ExxonMobil
s_052,Danone
s_053,Apple Inc.
s_054,Global Print
s_055,Global Print
s_056,UPC
s_057,Vodafone
s_058,Biolife Grup
s_059,CarMax
s_060,Telekom
s_061,Global Print
s_062,DynCorp
s_063,Demaco
s_064,Apple Inc.
s_065,It Smart Group
s_066,Vodafone
s_067,AECOM
s_068,It Smart Group
s_069,Team Guard SRL
s_070,Coca-Cola Company
s_071,Coca-Cola Company
s_072,ENEL
s_073,Telekom
s_074,UPC
s_075,Leadertech Consulting
s_076,ExxonMobil
s_077,ExxonMobil
s_078,Areon Impex
s_079,Comcast
s_080,DynCorp
s_081,AECOM
s_082,Coca-Cola Company
s_083,Biolife Grup
s_084,ExxonMobil
s_085,Metro Cash&Carry
s_086,It Smart Group
s_087,Amazon.com
s_088,Coca-Cola Company
s_089,Team Guard SRL
s_090,Global Print
s_091,21st Century Fox
s_092,Apple Inc.
s_093,Zepter
s_094,DynCorp
s_095,CarMax
s_096,UPC
s_097,Telekom
s_098,Apple Inc.
s_099,AECOM
s_100,Boeing
s_101,Vodafone
s_102,Coca-Cola Company
s_103,Danone
s_104,ExxonMobil
s_105,AECOM
s_106,CarMax
s_107,Demaco
s_108,21st Century Fox
s_109,Leadertech Consulting
s_110,Leadertech Consulting
s_111,Comodo
s_112,AECOM
s_113,Vodafone
s_114,Metro Cash&Carry
s_115,ExxonMobil
s_116,Apple Inc.
s_117,Telekom
s_118,Leadertech Consulting
s_119,Zepter
s_120,Vodafone
s_121,Team Guard SRL
s_122,Global Print
s_123,Vodafone
s_124,Team Guard SRL
s_125,Leadertech Consulting
s_126,Comodo
s_127,Biolife Grup
s_128,Comcast
s_129,21st Century Fox
s_130,Telekom
s_131,Amazon.com
s_132,Boeing
s_133,CarMax
s_134,Comcast
s_135,21st Century Fox
s_136,Demaco
s_137,Apple Inc.
s_138,Comcast
s_139,ENEL
s_140,AECOM
s_141,Coca-Cola Company
s_142,Biolife Grup
s_143,Boeing
s_144,CarMax
s_145,Areon Impex
s_146,Vodafone
s_147,Amazon.com
s_148,Mars
s_149,Zepter
s_150,Mars
s_151,Telekom
s_152,AECOM
s_153,Danone
s_154,Vodafone
s_155,Team Guard SRL
s_156,Comcast
s_157,Global Print
s_158,Apple Inc.
s_159,DynCorp
s_160,Facebook
s_161,Coca-Cola Company
s_162,Boeing
s_163,ENEL
s_164,Comcast
s_165,Biolife Grup
s_166,BuzzFeed
s_167,Amazon.com
s_168,ENEL
s_169,Biolife Grup
s_170,Danone
s_171,Areon Impex
s_172,Telekom
s_173,BuzzFeed
s_174,Danone
s_175,Metro Cash&Carry
s_176,CarMax
s_177,Boeing
s_178,21st Century Fox
s_179,DynCorp
s_180,21st Century Fox
s_181,Apple Inc.
s_182,Comodo
s_183,DynCorp
s_184,Global Print
s_185,Team Guard SRL
s_186,Amazon.com
s_187,Team Guard SRL
s_188,It Smart Group
s_189,Zepter
s_190,Areon Impex
s_191,Apple Inc.
s_192,Areon Impex
s_193,Leadertech Consulting
s_194,Amazon.com
s_195,Metro Cash&Carry
s_196,BuzzFeed
s_197,Zepter
s_198,DynCorp
s_199,Comcast
s_200,It Smart Group
s_201,Team Guard SRL
s_202,CarMax
s_203,Comcast
s_204,Areon Impex
s_205,AECOM
s_206,Telekom
s_207,Vodafone
s_208,Facebook
s_209,Telekom
s_210,Coca-Cola Company
s_211,It Smart Group
s_212,Vodafone
s_213,Leadertech Consulting
s_214,Carrefour
s_215,21st Century Fox
s_216,Metro Cash&Carry
s_217,Biolife Grup
s_218,Metro Cash&Carry
s_219,Demaco
s_220,Boeing
s_221,Boeing
s_222,Amazon.com
s_223,Leadertech Consulting
s_224,Zepter
s_225,Boeing
s_226,Danone
s_227,Danone
s_228,Apple Inc.
s_229,DynCorp
s_230,Team Guard SRL
s_231,It Smart Group
s_232,AECOM
s_233,DynCorp
s_234,Team Guard SRL
s_235,Team Guard SRL
s_236,Danone
s_237,Metro Cash&Carry
s_238,Facebook
s_239,Facebook
s_240,Coca-Cola Company
s_241,Amazon.com
s_242,Team Guard SRL
s_243,Demaco
s_244,UPC
s_245,Biolife Grup
s_246,Biolife Grup
s_247,Vodafone
s_248,Carrefour
s_249,Facebook
s_250,Amazon.com
s_251,Comcast
s_252,Mars
s_253,CarMax
s_254,Amazon.com
s_255,ExxonMobil
s_256,DynCorp
s_257,Comodo
s_258,ExxonMobil
s_259,UPC
s_260,Areon Impex
s_261,Telekom
s_262,Biolife Grup
s_263,Comodo
s_264,Biolife Grup
s_265,Metro Cash&Carry
s_266,ENEL
s_267,ENEL
s_268,Leadertech Consulting
s_269,Metro Cash&Carry
s_270,Carrefour
s_271,Vodafone
s_272,It Smart Group
s_273,Team Guard SRL
s_274,Mars
s_275,ENEL
s_276,DynCorp
s_277,Apple Inc.
s_278,ENEL
s_279,ExxonMobil
s_280,Team Guard SRL
s_281,Erickson
s_282,CarMax
s_283,Biolife Grup
s_284,Apple Inc.
s_285,Areon Impex
s_286,Erickson
s_287,Boeing
s_288,ExxonMobil
s_289,Danone
s_290,It Smart Group
s_291,Biolife Grup
s_292,Boeing
s_293,Danone
s_294,Comcast
s_295,Leadertech Consulting
s_296,Erickson
s_297,UPC
s_298,AECOM
s_299,Boeing
s_300,Facebook
s_301,21st Century Fox
s_302,CarMax
s_303,Comodo
s_304,Facebook
s_305,AECOM
s_306,Vodafone
s_307,Boeing
s_308,Boeing
s_309,Demaco
s_310,ExxonMobil
s_311,Comodo
s_312,UPC
s_313,Biolife Grup
s_314,BuzzFeed
s_315,Zepter
s_316,Coca-Cola Company
s_317,Team Guard SRL
s_318,Demaco
s_319,Vodafone
s_320,AECOM
s_321,Comodo
s_322,BuzzFeed
s_323,Areon Impex
s_324,Mars
s_325,Erickson
s_326,Global Print
s_327,Leadertech Consulting
s_328,Comcast
s_329,Boeing
s_330,Biolife Grup
s_331,Mars
s_332,ExxonMobil
s_333,DynCorp
s_334,Telekom
s_335,Global Print
s_336,Vodafone
s_337,UPC
s_338,CarMax
s_339,It Smart Group
s_340,Metro Cash&Carry
s_341,DynCorp
s_342,Amazon.com
s_343,Global Print
s_344,Telekom
s_345,Demaco
s_346,Vodafone
s_347,Amazon.com
s_348,Demaco
s_349,UPC
s_350,Metro Cash&Carry
s_351,Amazon.com
s_352,UPC
s_353,Facebook
s_354,ENEL
s_355,Global Print
s_356,Telekom
s_357,Mars
s_358,Comcast
s_359,Facebook
s_360,Global Print
s_361,Amazon.com
s_362,Zepter
s_363,Metro Cash&Carry
s_364,Danone
s_365,Carrefour
s_366,Comodo
s_367,Danone
s_368,Demaco
s_369,DynCorp
s_370,UPC
s_371,Vodafone
s_372,AECOM
s_373,Biolife Grup
s_374,Vodafone
s_375,Boeing
s_376,Areon Impex
s_377,21st Century Fox
s_378,Biolife Grup
s_379,ENEL
s_380,Telekom
s_381,ENEL
s_382,Team Guard SRL
s_383,Metro Cash&Carry
s_384,Leadertech Consulting
s_385,Vodafone
s_386,Demaco
s_387,Coca-Cola Company
s_388,Amazon.com
s_389,It Smart Group
s_390,Global Print
s_391,Biolife Grup
s_392,Apple Inc.
s_393,Comcast
s_394,Danone
s_395,AECOM
s_396,ExxonMobil
s_397,ExxonMobil
s_398,AECOM
s_399,Leadertech Consulting
s_400,BuzzFeed
s_401,Apple Inc.
s_402,Team Guard SRL
s_403,ENEL
s_404,Amazon.com
s_405,Comodo
s_406,21st Century Fox
s_407,DynCorp
s_408,Apple Inc.
s_409,Areon Impex
s_410,Erickson
s_411,Boeing
s_412,Apple Inc.
s_413,Team Guard SRL
s_414,DynCorp
s_415,Global Print
s_416,Demaco
s_417,Biolife Grup
s_418,Danone
s_419,Apple Inc.
s_420,Biolife Grup
s_421,Boeing
s_422,Global Print
s_423,Metro Cash&Carry
s_424,AECOM
s_425,BuzzFeed
s_426,Areon Impex
s_427,Apple Inc.
s_428,Telekom
s_429,Boeing
s_430,Metro Cash&Carry
s_431,Biolife Grup
s_432,CarMax
s_433,ExxonMobil
s_434,21st Century Fox
s_435,Zepter
s_436,Comodo
s_437,Carrefour
s_438,AECOM
s_439,AECOM
s_440,Comcast
s_441,Boeing
s_442,Mars
s_443,Demaco
s_444,Danone
s_445,It Smart Group
s_446,Zepter
s_447,Telekom
s_448,Demaco
s_449,UPC
s_450,Zepter
s_451,Leadertech Consulting
s_452,ENEL
s_453,Comodo
s_454,CarMax
s_455,Metro Cash&Carry
s_456,BuzzFeed
s_457,Global Print
s_458,Global Print
s_459,21st Century Fox
s_460,Boeing
s_461,Comodo
s_462,Danone
s_463,Telekom
s_464,Global Print
s_465,ENEL
s_466,Danone
s_467,Facebook
s_468,Coca-Cola Company
s_469,Global Print
s_470,Telekom
s_471,ENEL
s_472,DynCorp
s_473,Team Guard SRL
s_474,Erickson
s_475,Erickson
s_476,Apple Inc.
s_477,ENEL
s_478,Apple Inc.
s_479,Boeing
s_480,DynCorp
s_481,Demaco
s_482,Facebook
s_483,Leadertech Consulting
s_484,Demaco
s_485,CarMax
s_486,Comcast
s_487,Carrefour
s_488,Metro Cash&Carry
s_489,Mars
s_490,Leadertech Consulting
s_491,Telekom
s_492,Mars
s_493,21st Century Fox
s_494,Danone
s_495,Demaco
s_496,DynCorp
s_497,Zepter
s_498,Boeing
s_499,Global Print
s_500,Mars
s_501,Zepter
s_502,Vodafone
s_503,ENEL
s_504,AECOM
s_505,It Smart Group
s_506,Metro Cash&Carry
s_507,Demaco
s_508,CarMax
s_509,Apple Inc.
s_510,UPC
s_511,Leadertech Consulting
s_512,Biolife Grup
s_513,Facebook
s_514,ExxonMobil
s_515,Carrefour
s_516,ENEL
s_517,ENEL
s_518,Mars
s_519,AECOM
s_520,21st Century Fox
s_521,Team Guard SRL
s_522,Telekom
s_523,Apple Inc.
s_524,Apple Inc.
s_525,Amazon.com
s_526,Mars
s_527,DynCorp
s_528,Team Guard SRL
s_529,Vodafone
s_530,Global Print
s_531,Telekom
s_532,ExxonMobil
s_533,It Smart Group
s_534,21st Century Fox
s_535,Carrefour
s_536,Comodo
s_537,Global Print
s_538,Apple Inc.
s_539,Danone
s_540,Mars
s_541,Leadertech Consulting
s_542,Coca-Cola Company
s_543,Erickson
s_544,Biolife Grup
s_545,Carrefour
s_546,Demaco
s_547,AECOM
s_548,Demaco
s_549,UPC
s_550,Global Print
s_551,Metro Cash&Carry
s_552,BuzzFeed
s_553,Facebook
s_554,Apple Inc.
s_555,Telekom
s_556,Telekom
s_557,Coca-Cola Company
s_558,AECOM
s_559,Facebook
s_560,Team Guard SRL
s_561,Apple Inc.
s_562,Demaco
s_563,It Smart Group
s_564,UPC
s_565,21st Century Fox
s_566,Apple Inc.
s_567,ENEL
s_568,BuzzFeed
s_569,Danone
s_570,Mars
s_571,Zepter
s_572,ENEL
s_573,Zepter
s_574,Biolife Grup
s_575,Global Print
s_576,Global Print
s_577,Zepter
s_578,Vodafone
s_579,Boeing
s_580,ENEL
s_581,Demaco
s_582,CarMax
s_583,UPC
s_584,Comodo
s_585,Biolife Grup
s_586,Danone
s_587,Zepter
s_588,Demaco
s_589,It Smart Group
s_590,CarMax
s_591,Areon Impex
s_592,Comodo
s_593,Boeing
s_594,CarMax
s_595,Comcast
s_596,Areon Impex
s_597,Areon Impex
s_598,Biolife Grup
s_599,Team Guard SRL
s_600,Zepter
s_601,Biolife Grup
s_602,21st Century Fox
s_603,Comodo
s_604,AECOM
s_605,AECOM
s_606,Comcast
s_607,21st Century Fox
s_608,Danone
s_609,21st Century Fox
s_610,CarMax
s_611,Mars
s_612,DynCorp
s_613,Metro Cash&Carry
s_614,Amazon.com
s_615,Telekom
s_616,Biolife Grup
s_617,Erickson
s_618,Facebook
s_619,Facebook
s_620,Erickson
s_621,BuzzFeed
s_622,Comodo
s_623,ENEL
s_624,Comodo
s_625,Biolife Grup
s_626,Zepter
s_627,Areon Impex
s_628,Comodo
s_629,BuzzFeed
s_630,Leadertech Consulting
s_631,Facebook
s_632,Facebook
s_633,Carrefour
s_634,Apple Inc.
s_635,ENEL
s_636,Comcast
s_637,Demaco
s_638,Mars
s_639,Comcast
s_640,Apple Inc.
s_641,Danone
s_642,Metro Cash&Carry
s_643,Mars
s_644,Comodo
s_645,Telekom
s_646,Coca-Cola Company
s_647,ENEL
s_648,Boeing
s_649,Vodafone
s_650,Biolife Grup
s_651,Team Guard SRL
s_652,Facebook
s_653,Team Guard SRL
s_654,ExxonMobil
s_655,CarMax
s_656,Biolife Grup
s_657,Biolife Grup
s_658,ExxonMobil
s_659,Carrefour
s_660,DynCorp
s_661,UPC
s_662,It Smart Group
s_663,ENEL
s_664,Demaco
s_665,Comodo
s_666,CarMax
s_667,Facebook
s_668,Comcast
s_669,Boeing
s_670,Leadertech Consulting
s_671,Facebook
s_672,Apple Inc.
s_673,Comodo
s_674,21st Century Fox
s_675,Comodo
s_676,Comodo
s_677,Biolife Grup
s_678,Global Print
s_679,Amazon.com
s_680,Leadertech Consulting
s_681,Telekom
s_682,Zepter
s_683,Vodafone
s_684,Comcast
s_685,Apple Inc.
s_686,Vodafone
s_687,21st Century Fox
s_688,Areon Impex
s_689,BuzzFeed
s_690,DynCorp
s_691,UPC
s_692,Global Print
s_693,Leadertech Consulting
s_694,Biolife Grup
s_695,Demaco
s_696,Vodafone
s_697,Leadertech Consulting
s_698,Demaco
s_699,Biolife Grup
s_700,Coca-Cola Company
s_701,Amazon.com
s_702,ExxonMobil
s_703,DynCorp
s_704,Comodo
s_705,Team Guard SRL
s_706,Amazon.com
s_707,Leadertech Consulting
s_708,BuzzFeed
s_709,Global Print
s_710,DynCorp
s_711,Zepter
s_712,Areon Impex
s_713,Carrefour
s_714,Facebook
s_715,Demaco
s_716,Facebook
s_717,Danone
s_718,Areon Impex
s_719,Global Print
s_720,Mars
s_721,Amazon.com
s_722,Metro Cash&Carry
s_723,ExxonMobil
s_724,Facebook
s_725,BuzzFeed
s_726,DynCorp
s_727,Facebook
s_728,Facebook
s_729,Team Guard SRL
s_730,Mars
s_731,CarMax
s_732,Comodo
s_733,AECOM
s_734,Apple Inc.
s_735,Facebook
s_736,Comodo
s_737,Boeing
s_738,Metro Cash&Carry
s_739,Coca-Cola Company
s_740,Comcast
s_741,Demaco
s_742,Facebook
s_743,Telekom
s_744,UPC
s_745,DynCorp
s_746,Comodo
s_747,Demaco
s_748,ENEL
s_749,It Smart Group
s_750,Comcast
s_751,BuzzFeed
s_752,Biolife Grup
s_753,Amazon.com
s_754,BuzzFeed
s_755,Amazon.com
s_756,Comcast
s_757,Zepter
s_758,DynCorp
s_759,Apple Inc.
s_760,UPC
s_761,Leadertech Consulting
s_762,Leadertech Consulting
s_763,Boeing
s_764,ENEL
s_765,AECOM
s_766,Leadertech Consulting
s_767,Biolife Grup
s_768,UPC
s_769,Erickson
s_770,Carrefour
s_771,Erickson
s_772,Comodo
s_773,Zepter
s_774,Danone
s_775,Team Guard SRL
s_776,Global Print
s_777,Biolife Grup
s_778,CarMax
s_779,BuzzFeed
s_780,CarMax
s_781,Erickson
s_782,Demaco
s_783,Metro Cash&Carry
s_784,DynCorp
s_785,21st Century Fox
s_786,Erickson
s_787,Amazon.com
s_788,Areon Impex
s_789,Carrefour
s_790,Comodo
s_791,It Smart Group
s_792,Erickson
s_793,DynCorp
s_794,Erickson
s_795,Areon Impex
s_796,Comcast
s_797,Boeing
s_798,Zepter
s_799,Metro Cash&Carry
s_800,Amazon.com
s_801,CarMax
s_802,Vodafone
s_803,Global Print
s_804,Coca-Cola Company
s_805,UPC
s_806,Demaco
s_807,ENEL
s_808,It Smart Group
s_809,ENEL
s_810,Mars
s_811,Metro Cash&Carry
s_812,Biolife Grup
s_813,Mars
s_814,Demaco
s_815,ENEL
s_816,Danone
s_817,Apple Inc.
s_818,Team Guard SRL
s_819,ExxonMobil
s_820,BuzzFeed
s_821,AECOM
s_822,Metro Cash&Carry
s_823,Facebook
s_824,Comcast
s_825,UPC
s_826,Vodafone
s_827,Amazon.com
s_828,Facebook
s_829,Global Print
s_830,Erickson
s_831,Areon Impex
s_832,AECOM
s_833,Team Guard SRL
s_834,Boeing
s_835,Boeing
s_836,Comodo
s_837,CarMax
s_838,Global Print
s_839,Erickson
s_840,Zepter
s_841,Demaco
s_842,Zepter
s_843,21st Century Fox
s_844,Boeing
s_845,Erickson
s_846,Metro Cash&Carry
s_847,It Smart Group
s_848,Leadertech Consulting
s_849,Telekom
s_850,Team Guard SRL
s_851,AECOM
s_852,Zepter
s_853,Leadertech Consulting
s_854,Carrefour
s_855,Mars
s_856,Global Print
s_857,It Smart Group
s_858,Apple Inc.
s_859,Danone
s_860,ENEL
s_861,UPC
s_862,Coca-Cola Company
s_863,Mars
s_864,Telekom
s_865,21st Century Fox
s_866,BuzzFeed
s_867,Areon Impex
s_868,Comodo
s_869,Areon Impex
s_870,ENEL
s_871,Coca-Cola Company
s_872,Metro Cash&Carry
s_873,Biolife Grup
s_874,Amazon.com
s_875,Mars
s_876,It Smart Group
s_877,Mars
s_878,AECOM
s_879,DynCorp
s_880,Leadertech Consulting
s_881,Demaco
s_882,Carrefour
s_883,UPC
s_884,Leadertech Consulting
s_885,Vodafone
s_886,21st Century Fox
s_887,Boeing
s_888,Global Print
s_889,UPC
s_890,ENEL
s_891,Coca-Cola Company
s_892,Biolife Grup
s_893,Facebook
s_894,It Smart Group
s_895,Comcast
s_896,21st Century Fox
s_897,Metro Cash&Carry
s_898,Erickson
s_899,Metro Cash&Carry
s_900,Mars
s_901,Erickson
s_902,Erickson
s_903,Facebook
s_904,Biolife Grup
s_905,Zepter
s_906,Facebook
s_907,BuzzFeed
s_908,Demaco
s_909,Boeing
s_910,Comodo
s_911,Amazon.com
s_912,Facebook
s_913,ExxonMobil
s_914,Comcast
s_915,CarMax
s_916,Erickson
s_917,ENEL
s_918,Apple Inc.
s_919,BuzzFeed
s_920,Telekom
s_921,21st Century Fox
s_922,Amazon.com
s_923,It Smart Group
s_924,Facebook
s_925,ExxonMobil
s_926,UPC
s_927,Danone
s_928,CarMax
s_929,21st Century Fox
s_930,CarMax
s_931,ENEL
s_932,Mars
s_933,Facebook
s_934,CarMax
s_935,Boeing
s_936,21st Century Fox
s_937,Mars
s_938,ExxonMobil
s_939,It Smart Group
s_940,Leadertech Consulting
s_941,Vodafone
s_942,Carrefour
s_943,Global Print
s_944,Danone
s_945,CarMax
s_946,Coca-Cola Company
s_947,ENEL
s_948,Areon Impex
s_949,AECOM
s_950,Carrefour
s_951,Comcast
s_952,Global Print
s_953,Metro Cash&Carry
s_954,Boeing
s_955,Facebook
s_956,Amazon.com
s_957,Biolife Grup
s_958,DynCorp
s_959,Danone
s_960,Metro Cash&Carry
s_961,It Smart Group
s_962,Amazon.com
s_963,Boeing
s_964,UPC
s_965,Global Print
s_966,Amazon.com
s_967,AECOM
s_968,Amazon.com
s_969,Demaco
s_970,Zepter
s_971,BuzzFeed
s_972,Amazon.com
s_973,Global Print
s_974,Team Guard SRL
s_975,Team Guard SRL
s_976,Comodo
s_977,Areon Impex
s_978,ENEL
s_979,Amazon.com
s_980,Amazon.com
s_981,Erickson
s_982,Biolife Grup
s_983,CarMax
s_984,ENEL
s_985,Demaco
s_986,It Smart Group
s_987,Coca-Cola Company
s_988,Facebook
s_989,ExxonMobil
s_990,ENEL
s_991,Team Guard SRL
s_992,ExxonMobil
s_993,ENEL
s_994,It Smart Group
s_995,It Smart Group
s_996,AECOM
s_997,Telekom
s_998,Mars
s_999,Demaco
s_1000,DynCorp
s_1001,ExxonMobil
s_1002,CarMax
s_1003,Telekom
s_1004,Zepter
s_1005,Amazon.com
s_1006,DynCorp
s_1007,Metro Cash&Carry
s_1008,Biolife Grup
s_1009,Demaco
s_1010,UPC
s_1011,Erickson
s_1012,BuzzFeed
s_1013,Leadertech Consulting
s_1014,It Smart Group
s_1015,BuzzFeed
s_1016,AECOM
s_1017,DynCorp
s_1018,It Smart Group
s_1019,Coca-Cola Company
s_1020,Danone
s_1021,DynCorp
s_1022,Mars
s_1023,Amazon.com
s_1024,BuzzFeed
s_1025,It Smart Group
s_1026,DynCorp
s_1027,ExxonMobil
s_1028,Coca-Cola Company
s_1029,BuzzFeed
s_1030,Team Guard SRL
s_1031,Amazon.com
s_1032,Demaco
s_1033,Zepter
s_1034,Erickson
s_1035,Global Print
s_1036,Comodo
s_1037,Amazon.com
s_1038,Vodafone
s_1039,Carrefour
s_1040,Global Print
s_1041,Facebook
s_1042,Facebook
s_1043,Coca-Cola Company
s_1044,Metro Cash&Carry
s_1045,Erickson
s_1046,Apple Inc.
s_1047,Comcast
s_1048,Erickson
s_1049,Team Guard SRL
s_1050,Amazon.com
s_1051,Mars
s_1052,Amazon.com
s_1053,Erickson
s_1054,Apple Inc.
s_1055,Coca-Cola Company
s_1056,Comcast
s_1057,Comodo
s_1058,Mars
s_1059,Comcast
s_1060,It Smart Group
s_1061,ExxonMobil
s_1062,21st Century Fox
s_1063,UPC
s_1064,Zepter
s_1065,BuzzFeed
s_1066,DynCorp